0.0,0.994,0.0,0.0,-2.001585106
4.478379540654193e-06,0.993999996835754,-8.963856291042764e-06,-0.0014131204639839883,-2.001584103486525
4.926217494719613e-05,0.9939996171417889,-9.860044388340644e-05,-0.01554306252707385,-2.0014638142901835
0.00014309098433659033,0.993996770739154,-0.00028635999230737627,-0.045120186732806725,-2.00056253097201
0.00025827985167581737,0.9939894871271611,-0.0005166825146127969,-0.08131544950238467,-1.9982600473281265
0.000387710702532304,0.993976343747331,-0.0007750686044014183,-0.12172283737564045,-1.9941189405862523
0.0005282520176380944,0.9939561794558031,-0.0010549025753897002,-0.16513560672205713,-1.9877999314259562
0.0006783140201675473,0.9939279638337546,-0.001352563183590716,-0.21078019328626546,-1.97902662224752
0.000837092296460149,0.9938907265244764,-0.0016659088013232337,-0.25808081088294466,-1.967569269484874
0.001004250640928508,0.9938435139640507,-0.001993637841926289,-0.30656145205653057,-1.9532372947766847
0.0011797592197591252,0.9937853627537553,-0.002334957385491947,-0.35579660298989113,-1.9358770746404237
0.0013637966442836325,0.9937152865085577,-0.002689378598242638,-0.4053828936665479,-1.9153737555114276
0.001556679226635167,0.9936322763587482,-0.0030565676397044006,-0.4549214274055375,-1.8916565965043952
0.0017588010287597948,0.9935353164270815,-0.0034362222169180257,-0.5040071461372552,-1.864707319400008
0.0019705788159587716,0.9934234145419736,-0.003827965337689256,-0.5522247055860416,-1.834570263128747
0.0021924047114800908,0.9932956442048265,-0.004231264222233129,-0.5991519848990631,-1.8013617883210125
0.0024246159841597643,0.9931511873766539,-0.0046453925397773824,-0.6443722815678167,-1.7652750313378824
0.0026674931777029005,0.9929893624250717,-0.005069452979827116,-0.6874942182136042,-1.7265759658892743
0.0029212904215001503,0.9928096236668983,-0.005502458936591754,-0.7281749431013802,-1.6855890707185064
0.003186287822682934,0.9926115304939893,-0.005943447425090144,-0.7661397987585713,-1.6426751638662898
0.003462845629356024,0.9923946982879728,-0.00639158099598582,-0.8011927311954106,-1.5982073405001795
0.0037514418721711386,0.9921587495922548,-0.006846206947436532,-0.8332159231130474,-1.5525509078184772
0.00405268620609594,0.9919032794813054,-0.0073068668081253205,-0.8621612869474037,-1.5060502947998722
0.004367313242067059,0.9916278398017145,-0.007773268738103479,-0.8880381151657356,-1.459022687469834
0.0046961631117531655,0.9913319399471642,-0.00824524144983887,-0.9109004637838773,-1.4117564165760168
0.005040156534590652,0.9910150589558517,-0.008722684840767962,-0.930836243366463,-1.364511905872785
0.005400269623415226,0.9906766633985672,-0.00920552681749466,-0.9479586341753933,-1.317523493001445
0.0057775120655247925,0.9903162259972064,-0.00969369137247547,-0.9623996452728969,-1.271001065530882
0.006172911419511394,0.9899332405192215,-0.010187080166800325,-0.9743052914969076,-1.225130994761004
0.006587505574220396,0.9895272293656626,-0.01068556784659466,-0.9838317921038615,-1.1800762771751372
0.007022344342810731,0.9890977417790857,-0.01118900934805091,-0.9911422812856279,-1.1359761246499698
0.007478499642478917,0.9886443426865451,-0.011697255600067484,-0.9964036981093871,-1.0929454501017453
0.00795708216556696,0.9881665943011767,-0.012210172884106908,-0.9997837338880247,-1.0510747336634396
0.008459261409450783,0.987664034061153,-0.012727661083315382,-1.0014478957741488,-1.0104306323244678
0.008986285882870454,0.9871361527122086,-0.01324966728035625,-1.0015568490788822,-0.9710574646965255
0.00953950107373157,0.9865823755121148,-0.01377619300741873,-1.0002642110542783,-0.9329794699398638
0.010120392375745357,0.9860020197785045,-0.01430732070701878,-0.9977147602817402,-0.8962018575195945
0.01073052895237604,0.9853943529038762,-0.014843146968795046,-0.9940436329392883,-0.8607182329208903
0.011371611307347112,0.9847585476082125,-0.015383814980391175,-0.9893758166477038,-0.826510496600272
0.012045479069080559,0.9840936781818136,-0.015929506824996987,-0.9838260277456553,-0.7935514756564277
0.012754115377798825,0.9833987210292284,-0.0164804333254484,-0.977498951086053,-0.7618073304723982
0.013499651000023255,0.9826725561602749,-0.017036824496167943,-0.9704897217104148,-0.7312395399236034
0.014284368719006119,0.981913968902345,-0.017598920983921316,-0.9628845507504044,-0.7018064860523721
0.015110708378758081,0.9811216513327548,-0.018166966617722633,-0.9547614212078414,-0.67346468414225
0.01598127277524965,0.9802942031604804,-0.01874120198900717,-0.9461908014469251,-0.646169715435935
0.01689883447222216,0.9794301319383346,-0.019321858886485674,-0.9372363423521659,-0.6198769194766343
0.017866343551953177,0.9785278525786711,-0.019909155375933556,-0.927955537690494,-0.594541897092359
0.018886936297766364,0.9775856861771337,-0.020503291327306442,-0.9184003365909915,-0.5701208665075316
0.019963944723893953,0.9766018582352647,-0.02110444416757618,-0.9086177040971595,-0.5465709086179364
0.0211009069598596,0.975574496292179,-0.02171276471801657,-0.8986501288903086,-0.5238501275473155
0.022301578390515813,0.9745016270749418,-0.022328372932645894,-0.8885360807177638,-0.5019177490839927
0.023569943531938344,0.9733811732020076,-0.02295135341952203,-0.8783104206431682,-0.48073417259594453
0.024910228576784838,0.9722109495130443,-0.02358175061432126,-0.8680047682738621,-0.46026098914808206
0.026326914546868887,0.9709886590883323,-0.024219563491644308,-0.8576478301917507,-0.4404609751972734
0.02782475099776013,0.9697118890077783,-0.02486473971275481,-0.847265693600331,-0.42129806868862113
0.029408770194588117,0.9683781059139215,-0.025517169104558268,-0.8368820890726411,-0.40273733286697966
0.031084301608601355,0.9669846514913788,-0.026176676345596433,-0.8265186262742884,-0.3847449122982183
0.032856986676601085,0.9655287378843862,-0.026843012783700767,-0.8161950053834847,-0.3672879831406287
0.03473279358772899,0.9640074432099821,-0.027515847246470465,-0.8059292075596127,-0.3503347007506976
0.03671803187431432,0.9624177072932731,-0.028194755730547118,-0.7957376670130409,-0.33385414625598697
0.038819366555611495,0.9607563277537349,-0.02887920986181864,-0.7856354267825802,-0.31781627314760974
0.04104383138454253,0.9590199567052867,-0.029568563973930612,-0.7756362806786002,-0.3021918557003213
0.04339884072438323,0.9572050983161606,-0.030262040682403044,-0.7657529031070445,-0.2869524400255789
0.045892199352730596,0.9553081076145716,-0.030958714803687802,-0.755996968694082,-0.2720702991684021
0.048532109382937026,0.9533251909580978,-0.03165749549832384,-0.7463792630791197,-0.25751839310310753
0.05132717299336201,0.9512524089015166,-0.032357106460327634,-0.7369097870371886,-0.24327033604876874
0.054286389602377846,0.9490856821530268,-0.03305606407916664,-0.7275978547872028,-0.22930037195736497
0.05741914524926348,0.9468208018618728,-0.03375265342679306,-0.7184521887577697,-0.21558336170774625
0.060735191491162556,0.9444534456694398,-0.03444490203785457,-0.7094810121913454,-0.20209478485918445
0.06424460996863735,0.9419792016220567,-0.03513055148053697,-0.7006921417528167,-0.1888107609066384
0.06795775746648709,0.9393936027580266,-0.03580702684816235,-0.6920930823857258,-0.17570809632940756
0.07188518417285716,0.9366921763718998,-0.03647140445534915,-0.6836911274791959,-0.1627643666996852
0.07603751488874579,0.9338705135948103,-0.03712037829595554,-0.6754934681889749,-0.14995804681630856
0.0804252784549227,0.9309243674401498,-0.037750226221476633,-0.6675073172136831,-0.13726870776645939
0.0850586639223683,0.9278497912400617,-0.038356777433046226,-0.6597400544207466,-0.12467730864099301
0.08994717115263207,0.9246433355256612,-0.038935383824753124,-0.652199405630218,-0.11216662540134113
0.09509910674076522,0.921302330863304,-0.03948089929555204,-0.644893671177725,-0.0997218815084943
0.10052084741962142,0.917825300488065,-0.03998767356714406,-0.6378320315432962,-0.08733168440172152
0.10621574479253634,0.9142125740091207,-0.04044957117204434,-0.6310249743942877,-0.07498943735145404
0.11218245757550481,0.9104672234792913,-0.04086003316367655,-0.6244849207584705,-0.0626955172724111
0.11841233196109836,0.9065965378296875,-0.04121221129265624,-0.6182271930676213,-0.050460739299251677
0.12488511494455062,0.9026144443863202,-0.04149922688107967,-0.6122716063472406,-0.03831210133240624
0.1315615351970006,0.8985457185281321,-0.04171465068364135,-0.6066452925923487,-0.026302873110208264
0.13836936531544167,0.894433934275739,-0.041853395000286044,-0.6013882659199773,-0.014531882610961746
0.14517349239346647,0.8903586484220793,-0.0419134498911482,-0.5965662765337475,-0.003185849303628925
0.1516929357276029,0.8864834259403236,-0.04189973625970922,-0.5923101239116192,0.007339911000431904
0.15783549705489547,0.8828566735648251,-0.04182490714830204,-0.5885953850587649,0.01698224791027023
0.16541178538875725,0.8784135433802119,-0.041652214919557576,-0.5843717229822074,0.028548501861172748
0.17426995949971924,0.8732572855069638,-0.041340918877995333,-0.5798861205055977,0.04166809454154381
0.18438053221613002,0.8674179468552017,-0.04084587903010679,-0.5752986497247579,0.05618085879740757
0.195701377352876,0.8609313370705969,-0.04012025627205453,-0.5707587836631794,0.07193001086305896
0.2081506748304903,0.8538535243692307,-0.0391196828416734,-0.5664087874745198,0.08873053589378257
0.22163147850275433,0.8462458520560991,-0.0378038235056274,-0.562367751797126,0.10640730883810372
0.23606835596415227,0.8381541289430497,-0.03613401438623732,-0.5587228066358116,0.12483980625640177
0.2514177622570414,0.8296033796119602,-0.034070439855858024,-0.5555363233403015,0.14396649673520812
0.2676572598606689,0.8206044112967387,-0.03157119496048947,-0.5528581241685812,0.16376333657577047
0.2847700984128005,0.8111625876217113,-0.028593164119544948,-0.5507343963856312,0.18422013782904478
0.3027309928801065,0.8012856171173808,-0.025094393089816213,-0.5492122049620116,0.20532134694435392
0.32149193017726113,0.7909911697584382,-0.0210382629952678,-0.5483405038509337,0.22702865264236005
0.34096443133849313,0.7803164708168752,-0.016400542356263703,-0.5481678440646804,0.24926056334238939
0.36099224479939185,0.7693334238170365,-0.01118166038175106,-0.5487354943967413,0.2718619553257537
0.3813009860243494,0.7581770949078126,-0.005429749713837843,-0.5500620470408327,0.29454894472857457
0.4013810537453744,0.7471124898943888,0.000708345374323135,-0.5521080104320543,0.316782199608638
0.4201023478441103,0.7367532914119787,0.006831691607758247,-0.5546737392144026,0.33735167189331644
0.4405285368477253,0.7253886573455006,0.013950321889671682,-0.5582061361623945,0.35963050334085006
0.4643211292451485,0.7120489402797011,0.02281352113067415,-0.5633069032909719,0.385369937364903
0.4902707171086491,0.6973458127749266,0.03317509067921926,-0.5701224188975701,0.41317356118936427
0.5172965295140004,0.6818256464186718,0.044729058357073824,-0.5786753843150259,0.44179769915771794
0.5446704630068312,0.6658483490509364,0.05721506345013348,-0.5889373643510929,0.4703821174545692
0.5720198199771939,0.6495817594079151,0.07046464029017632,-0.6008967289008468,0.4984380031722756
0.5991632739899482,0.6330900786965659,0.08436502328775344,-0.6145601579419443,0.5256635803917583
0.6260067194107678,0.6163910216756762,0.09882872644838803,-0.6299397921971583,0.5518303827928571
0.6524967057109731,0.5994817310148107,0.11377878988293906,-0.6470428927203307,0.576734029196017
0.6786004254034836,0.5823501964073255,0.12914225988794498,-0.6658642547606574,0.600174680780973
0.704296358925821,0.5649809072226122,0.14484710576654242,-0.6863798580362204,0.6219498259755364
0.729569289392355,0.5473582267582127,0.1608205538737465,-0.7085409674595154,0.6418527540592839
0.7544072840676297,0.529468826579339,0.1769880856925309,-0.7322685049904847,0.6596743492808141
0.7787997337989498,0.5113036658809473,0.19327287872113255,-0.7574479242842481,0.6752074033699316
0.8027361581802978,0.4928596128080228,0.2095957129409854,-0.7839251547071314,0.688253139967609
0.826205741079573,0.4741406030699113,0.22587546826325966,-0.8115044345604591,0.698629621506767
0.8491976105797163,0.45515815543488014,0.2420303206454264,-0.8399489103568408,0.7061813839797249
0.8717017704267537,0.4359311225457805,0.2579796054214375,-0.8689846031363638,0.7107892179144508
0.8937104006067302,0.41648473433053684,0.2736461032061073,-0.8983077231310037,0.7123787522617445
0.9152191023053668,0.3968492010398789,0.2889583315494582,-0.9275945737424978,0.7109266306934373
0.9362330088591816,0.37705316170127523,0.30385617223386546,-0.9565201293542364,0.7064620763034305
0.9567607570023586,0.35712778764864406,0.31828754716482865,-0.9847606651369194,0.6990656056805622
0.9768088590312984,0.33711133541627164,0.3322052280910063,-1.011996518163339,0.6888700389944611
0.9963875407483891,0.3170425508017638,0.34557154859651223,-1.0379304971507908,0.6760555509911843
1.0155102998899912,0.29695970194285665,0.35835833709838505,-1.062296379485448,0.6608426616667056
1.0341935445894537,0.27689958077998944,0.37054661645099585,-1.0848655481228902,0.6434836666294006
1.0524563349542668,0.25689649532995307,0.38212611120785195,-1.1054514446604127,0.6242530816189278
1.07032003377715,0.23698150796917486,0.3930944778582808,-1.1239114893948676,0.6034379684897138
1.0878076789918143,0.21718218390133193,0.40345621653883657,-1.140146491786866,0.5813291286148856
1.1049429903906032,0.1975229975730381,0.41322132063260997,-1.154098041893756,0.5582139716745744
1.1217490281680536,0.17802639627173475,0.4224037974023152,-1.165744694378448,0.5343714734781536
1.1382465670439055,0.15871442710415357,0.43102020756577447,-1.1750978211685061,0.5100692226476461
1.1544522240566513,0.13961082931045465,0.43908833130815,-1.1821978699739077,0.48556228097425924
1.1703762987638513,0.12074356680631988,0.446626001932643,-1.1871115532583747,0.4610934975489827
1.1860201686161376,0.10214790501970693,0.45365008043330857,-1.1899303214580987,0.43689499638423307
1.201372919953322,0.08387032609602867,0.46017548021344956,-1.190770415576826,0.41319076720575365
1.216406628486009,0.06597388718810879,0.46621407523262287,-1.1897748994665223,0.39020065043519037
1.2310691711856823,0.04854623827874812,0.47177319073009116,-1.1871184421950858,0.3681466797450379
1.2452721508131628,0.03171300658176454,0.476853042653617,-1.1830165825080468,0.3472643299363992
1.2588678739674528,0.0156634295648768,0.48144154509816395,-1.1777439001693955,0.3278256072857536
1.2701787438382783,0.002371531592732434,0.485060341879601,-1.1724030254948061,0.31213064743192465
1.2814864234896586,-0.010851547640523972,0.4885033566102973,-1.166242301590085,0.29692257218676366
1.2921968158209975,-0.02330797666325536,0.4916085199677125,-1.1596901676069424,0.282999451431798
1.3047202262668043,-0.037778983192615204,0.49505393871337844,-1.1511982903951492,0.26735434351654486
1.318626344385024,-0.053716484857773764,0.49865584385645045,-1.1407946208303177,0.25082980286027917
1.3336972888745953,-0.07081772275640458,0.50230768594756,-1.1284626710249597,0.2339770833232775
1.3497775923421502,-0.08885062908484712,0.5059338658116564,-1.114217684456527,0.21725071180739783
1.3667315969041067,-0.10760614686223566,0.5094777159116018,-1.0981296950724093,0.20105136239364696
1.3844284224598946,-0.1268834481532855,0.5128977245498162,-1.0803293321450786,0.18573019872704338
1.4027421944760938,-0.1464926218946428,0.5161669250177934,-1.0609981200918117,0.17157796787068022
1.4215597334488301,-0.16626481536190477,0.5192727111409585,-1.0403474542200466,0.15881372605948268
1.4407887011012286,-0.18606139993182655,0.5222156637531454,-1.0185944493082244,0.14758213440971127
1.4603620643697395,-0.20577773968387578,0.5250072652883627,-0.9959421818140745,0.13796074015714088
1.4802384636161279,-0.2253416826727079,0.5276671516641213,-0.9725674245264033,0.12997345474481595
1.500400060028384,-0.24470903747003261,0.5302205874204752,-0.9486151351855707,0.12360560405377595
1.5208494676432378,-0.26385810703057827,0.5326965255010963,-0.9241975864194404,0.11881756788250279
1.5416066564029123,-0.28278439011029705,0.5351263144179669,-0.8993962656805699,0.1155557976939045
1.5627061137636047,-0.3014958227532696,0.5375429639373874,-0.874265307039002,0.11376103563739916
1.58419426957378,-0.32000859274058296,0.539980837764505,-0.8488356951481522,0.11337397897403304
1.6061271223173543,-0.33834347162551165,0.5424756484873542,-0.8231197458406687,0.11433875405001906
1.6286025803121706,-0.35655016034776577,0.545068679911058,-0.7970757305901394,0.1166089924623835
1.6517019253394503,-0.37465645546596926,0.5478009192056443,-0.770678930839157,0.12014660678981745
1.675495902279253,-0.3926746754449109,0.5507143094191379,-0.743914813088476,0.1249160951394719
1.700056125893399,-0.4106109927337996,0.5538535340586752,-0.7167662354140163,0.13088292606398563
1.7254530376526893,-0.42846366384851264,0.5572661733260216,-0.6892160416446453,0.13801112778264396
1.751754145335635,-0.44622177136701724,0.5610027385708442,-0.6612488853882142,0.14626058827310134
1.7790220719330572,-0.4638641345811352,0.5651164723939546,-0.6328528432036984,0.15558417073970665
1.8073123254535415,-0.48135838601526465,0.5696628383745038,-0.60402093666276,0.16592476846714083
1.8366707353132805,-0.4986602553588547,0.5746986227154761,-0.5747526569592579,0.17721244060347013
1.8671305906767341,-0.5157131689927196,0.5802805844468013,-0.5450555114072198,0.18936182434336293
1.8987096504703997,-0.5324483388137153,0.5864636296583461,-0.5149465090140816,0.20227009913025462
1.931407351036346,-0.5487855514545541,0.5932985543701816,-0.4844533968241977,0.21581585626037555
1.965202660144508,-0.5646348432960052,0.6008294939009373,-0.45361539436028386,0.22985925247456612
2.0000530341772036,-0.5798991313959808,0.6090913086191924,-0.42248320417132773,0.24424374123641535
2.035894756435856,-0.5944776728964962,0.618107183959026,-0.3911182371304241,0.2587994496669066
2.072644581882646,-0.6082700122832169,0.6278866896135841,-0.35959124369566575,0.2733479466278222
2.110202210251086,-0.6211799478008366,0.6384244262219049,-0.32798077763668615,0.28770784926041626
2.148452834527923,-0.633119078984559,0.6496992311856807,-0.29637201399473434,0.30170057825930324
2.1872689801560616,-0.6440096764224046,0.6616737836192651,-0.2648563513234249,0.3151556564544694
2.226511023420982,-0.653786851903544,0.6742943821131034,-0.2335320213300226,0.32791519093122856
2.266025997969387,-0.6624001991074415,0.6874906585321824,-0.2025057432590281,0.3398374575369125
2.3056443965115556,-0.6698151724291553,0.7011749899168359,-0.17189540885099525,0.3507997122349904
2.3451745222709675,-0.6760144894329295,0.7152413168695464,-0.1418339293495511,0.3607004495077903
2.3843934175054495,-0.6809998349511166,0.7295628966261025,-0.11247477380913518,0.36946133617668464
2.4230321881811636,-0.6847941767436275,0.7439880701030154,-0.0840005627081541,0.37702900618998775
2.460750703168978,-0.687445161759183,0.7583320150731199,-0.056637976259557965,0.38337682050921734
2.4970889099769042,-0.6890305530094043,0.7723593895746765,-0.030687363071407073,0.3885064997705954
2.5313557505288085,-0.689668233831554,0.7857423138303434,-0.006592893691627421,0.39244875148208164
2.5586951951928714,-0.6895888224393463,0.7965073443177322,0.012361913302683325,0.3949674802993346
2.5850915186884875,-0.6890235294117689,0.8069592914072746,0.030430817922814813,0.39687031049980703
2.616793920653808,-0.6877188131091101,0.8195683463616689,0.05182234530305527,0.3984684455320312
2.6524254727073386,-0.6854500464230351,0.8337852804655143,0.07544888549234666,0.3993711022661799
2.691338447931623,-0.6820204483897803,0.8493278835850072,0.10072842729890327,0.39928147903558714
2.733148205314628,-0.6772521487741195,0.8659982407106999,0.1272544149524675,0.3979438977174485
2.7775913159241066,-0.6709838563522628,0.8836268307549205,0.15469392447802338,0.3951288884533483
2.8244621615920913,-0.6630722314583595,0.9020474954217994,0.18274239143135268,0.39062978080115934
2.8735803262703516,-0.6533953405065176,0.9210850191716725,0.211101333376661,0.38426454935108256
2.924770395166481,-0.6418577181804968,0.9405484687399529,0.2394664779218152,0.37588068017544535
2.977848048832019,-0.6283965614404166,0.9602282517401669,0.2675222788445054,0.36536196705265184
3.0326098761479887,-0.6129885293253529,0.9798961969906652,0.29494124725944526,0.35263640311307287
3.08882629326685,-0.5956563471770414,0.9993086073093846,0.32138766167486743,0.3376841801900446
3.1462383062074673,-0.5764739568968076,1.0182124900730378,0.3465256423401839,0.3205443739416038
3.2045596762084765,-0.55556849062057,1.036355015417486,0.37003134758511075,0.30131838161203933
3.263485751348861,-0.5331173291096106,1.053495546210874,0.3916080746694484,0.2801680764148616
3.3227083246717637,-0.5093394671005458,1.0694184598053018,0.41100162657572725,0.2573075572948209
3.381933048539842,-0.4844823142847583,1.083944117219053,0.42801242321416194,0.232989380655462
3.4408941591278035,-0.4588069075784711,1.0969355826622973,0.4425015349136313,0.20748827891738622
3.4993620787658815,-0.4325750297876889,1.1083001707719766,0.4543900205360804,0.18108619695555583
3.5571421552884206,-0.4060406963435226,1.117986690486994,0.4636533065001505,0.15406160216878564
3.614065037491761,-0.3794469404742408,1.1259803119628289,0.4703135480591696,0.1266844509922363
3.669969083531427,-0.3530281058263538,1.1322970603086289,0.47443289636164526,0.0992173497348414
3.7246716795779484,-0.3270188451655938,1.1369795716396036,0.4761103409216386,0.07192441997418651
3.777916491573268,-0.301675146387748,1.1400957566568248,0.47548587124369374,0.045093839681531564
3.8292548521436824,-0.27732548039058014,1.141743711333665,0.47276142220853823,0.01909415475503097
3.871892937960411,-0.25724483621545624,1.1420970718491545,0.4689090672604428,-0.0025158102335171052
3.914518907642061,-0.23736485599790969,1.1415302020512084,0.4636141263775199,-0.024067791175676655
3.9595372593678375,-0.2166488108977905,1.139936551932164,0.45645571764876103,-0.04670524426063615
4.009239794684331,-0.1941964485942457,1.1369986433079058,0.44668834708089755,-0.07146664227983208
4.060262715185518,-0.17170387534171508,1.1327108668189316,0.43463620682100784,-0.09653945266165909
4.1109851975968015,-0.15000464415028486,1.1271911621395334,0.4206357147903599,-0.12102279741398252
4.16078564712106,-0.12943945994172867,1.1205761564108871,0.4049490696864898,-0.14454567486490277
4.209425880585156,-0.11015258787534866,1.11299810088297,0.3877924213176858,-0.16695061835722028
4.256790588052149,-0.09221466489614592,1.1045857484287076,0.36936492046341546,-0.18816038349321548
4.3027968287282565,-0.07566415857873648,1.0954673122023548,0.34986352375231855,-0.20813184911177662
4.347360868819725,-0.06052139303977864,1.0857728666197297,0.32949105320732974,-0.22683938155431227
4.390382378246771,-0.046793777516670965,1.0756367210145805,0.30846250200218556,-0.24426738698041123
4.43173201319338,-0.03447829598681521,1.065200595937115,0.2870124008660448,-0.2604052277572321
4.471235471659279,-0.023563528058327128,1.0546187496591444,0.2654059031718502,-0.27524158486703776
4.50864646490169,-0.014032658509737792,1.0440672576621493,0.24395814526314735,-0.28875575295729
4.543592153995844,-0.005869924643230799,1.0337629258679157,0.22307299803169345,-0.3009009203256154
4.570957099661785,4.086964495826455e-06,1.02540245381382,0.20615432582899917,-0.31008664482563836
4.598322045327727,0.0054084302166633545,1.0167945205060733,0.18874791896486293,-0.31898705035242875
4.625395993439171,0.010280109151608235,1.0080422354087806,0.17105375256842073,-0.3275134819051743
4.6556763505172185,0.015153205681375757,0.9979846972198719,0.15071574161845824,-0.3367242223911954
4.688006649287526,0.019666447852869643,0.9869443244862824,0.12837303056569294,-0.3461862395488733
4.721572970574472,0.02357675009592978,0.9751647769781763,0.10450359256583461,-0.3556149660159359
4.75560457231028,0.02671167378113405,0.9629055750351866,0.07961890479585466,-0.36478051009835605
4.789281287440261,0.028968999223457543,0.9504734549990687,0.054331118511474034,-0.3734818855946775
4.821710147240193,0.030327799599286092,0.9382304001921182,0.029372738629844315,-0.38153942292359133
4.848343568217569,0.030832198297290617,0.9279830358394102,0.008439865659922476,-0.3879415685069463
4.870895591563286,0.030819800121624916,0.9191743636935497,-0.009584615849913995,-0.39322546931896013
4.892279315013851,0.030429887305333327,0.910713112665198,-0.026923364600957633,-0.39813170326338954
4.917913081169537,0.02947007632297277,0.9004333551838241,-0.04801884519541892,-0.4038970130704174
4.946162173716097,0.02778076402703703,0.8889353287358168,-0.0716478835538743,-0.4101302845439658
4.9761263203001675,0.02525313815463627,0.8765483659791921,-0.0971330163534691,-0.41664168328189477
5.007205053308737,0.021817924406452433,0.8634955728455943,-0.12400484020013346,-0.42333491713893545
5.038934459200693,0.01744229071046216,0.8499551340929028,-0.15187578806968627,-0.4301645402847445
5.07089637532304,0.01213379110611992,0.8360955308176014,-0.18036781695352674,-0.4371101253000404
5.102622269047631,0.005957754067613327,0.8221166733517732,-0.20902951359228966,-0.4441475865734616
5.133396041911888,-0.0009068792297870724,0.8083408526665894,-0.23715571999147364,-0.45119138001684633
5.161587653911934,-0.007958818304287268,0.7955270641259763,-0.2631664297397475,-0.4579063165809416
5.191306699147887,-0.016189969020287694,0.7818090918640962,-0.2907966203838338,-0.4653384964720503
5.223391004378465,-0.026001020725424116,0.7667436836794246,-0.3208087618379313,-0.4738734649231878
5.256278144820449,-0.037059090185213035,0.7510064007149257,-0.3516892772096277,-0.48330032949094565
5.289338124569246,-0.04919948721503705,0.7348605488044644,-0.3827511347002674,-0.4936132761485434
5.322254711867421,-0.0623061363877877,0.7184301563749252,-0.413575775126561,-0.5048689370551366
5.3548624581860444,-0.07628665793172826,0.7017705816777254,-0.44386753532977063,-0.5171488932924995
5.387067556239014,-0.09105803549975747,0.6849037159727324,-0.47338216144588924,-0.5305387317058222
5.4188122862173325,-0.1065397850930073,0.6678343491687447,-0.5018949493841725,-0.5451159817707986
5.450057921674507,-0.12265047525367004,0.6505586042305096,-0.5291863063066946,-0.5609415678932183
5.480775591714141,-0.1393056716844513,0.6330690673222944,-0.5550355786254877,-0.5780525078470606
5.510940883188631,-0.15641657247536117,0.6153584770272693,-0.579219674016733,-0.5964550825859878
5.540530628491932,-0.17388923483270377,0.59742260590057,-0.6015153411914164,-0.6161185647177398
5.569521475719744,-0.19162464406720686,0.5792623629968688,-0.6217047621605408,-0.6369702260435155
5.597890246287768,-0.20951999318649822,0.5608848596574679,-0.6395840192611193,-0.658892765090753
5.625615977000866,-0.2274713686918249,0.5423031800116668,-0.6549733456959248,-0.6817252835633584
5.652683078301958,-0.24537757849613118,0.5235348890360207,-0.6677272978801222,-0.7052682921586879
5.679084548926284,-0.26314432280347805,0.504599759375501,-0.6777427198755499,-0.7292920907106414
5.704824089644835,-0.2806876614776655,0.48551750862356235,-0.684963008191084,-0.7535468500471343
5.729916421607864,-0.2979359885708181,0.46630627213855597,-0.6893784788525349,-0.7777724690271017
5.75438586784251,-0.3148303314343604,0.4469821337101983,-0.6910238209434093,-0.8017068967640879
5.778263846787247,-0.3313233655925023,0.4275595678853783,-0.6899740727230982,-0.825092599822878
5.80158938850007,-0.34738005487948886,0.4080495781401069,-0.6863395590797362,-0.8476847533798288
5.824404575137681,-0.36297441917323636,0.38846217361323515,-0.6802605785541568,-0.8692530046736037
5.846746656738378,-0.3780839042074983,0.3688124531280338,-0.6719054909926699,-0.8895792819141904
5.868652573773949,-0.3926922520868415,0.3491163934611038,-0.6614664169080464,-0.9084669474828029
5.890158752825985,-0.40678902538517636,0.3293904812282451,-0.6491543704321141,-0.9257442480103019
5.911301194600646,-0.4203692584860211,0.30965113923526905,-0.6351939473333864,-0.9412668536285437
5.932115639639002,-0.4334330943006841,0.2899141336267872,-0.6198178388792862,-0.9549192169417355
5.952637577581579,-0.445985270953698,0.27019419689702856,-0.6032616176858008,-0.9666146326151672
5.972901970095775,-0.45803441668582867,0.2505050178705067,-0.5857592293545036,-0.9762941600956444
5.992942654503705,-0.4695921898774828,0.2308596487463748,-0.5675394691051708,-0.9839247825499502
6.012791451113769,-0.4806723391239896,0.2112713043159353,-0.5488235179490321,-0.989497257004653
6.03247700572091,-0.4912897560407112,0.19175449759900112,-0.5298234407471526,-0.9930240797494859
6.0520233705449655,-0.5014595655899531,0.17232646579919553,-0.5107414486580836,-0.9945379011107877
6.071448277877504,-0.5111962617235085,0.15300887635125415,-0.4917696995840592,-0.9940906288969846
6.090761018585104,-0.5205128684044273,0.13382983501928108,-0.47309041393812995,-0.9917533917728926
6.10995970895824,-0.5294200438338574,0.11482633558685448,-0.4548761893568183,-0.987617516142883
6.129027542318334,-0.5379249753049654,0.0960474590938735,-0.4372905434875148,-0.9817967664510437
6.147927793259355,-0.5460300136668037,0.07755843280421079,-0.42048848546616124,-0.9744311478503128
6.166596367405865,-0.5537305940839526,0.059446574466901006,-0.40461769483654303,-0.9656930055951916
6.184929995128839,-0.5610118137322022,0.041830721221013875,-0.38982112618330333,-0.9557969882294824
6.2027653708383514,-0.5678421000055681,0.024878232748380646,-0.37624339432386006,-0.9450177097020286
6.219835907238612,-0.5741595461536371,0.008841356606410392,-0.36404793576373445,-0.9337260867362238
6.23318723487259,-0.578959613020281,-0.0035626741462990007,-0.35507570462328963,-0.9242858036817655
6.246535226947392,-0.5836421175768035,-0.015834295262071474,-0.34661398689791484,-0.9143574250958801
6.2616669607093245,-0.5888182862373421,-0.02958153646537629,-0.33764423319162384,-0.9025586842891272
6.279020080123575,-0.5945940582257321,-0.04512170961314467,-0.32817710328769184,-0.8883855729040352
6.298223302767434,-0.6008035936232182,-0.06202530173876809,-0.31871840219324876,-0.8719941174567488
6.319093886929388,-0.607358501213105,-0.08003205358489754,-0.309635302700547,-0.8534523857258561
6.341516608439165,-0.614204571406525,-0.09893874190637546,-0.30123176117078254,-0.832823241524666
6.36540339408539,-0.6213078844903965,-0.11856310381592716,-0.29376648158928154,-0.8101908310569569
6.39067346377388,-0.628648306917971,-0.1387279693520035,-0.28745518922429225,-0.7856720878116645
6.417244538957104,-0.6362164205638553,-0.15925622375016113,-0.2824665885795037,-0.7594182284854882
6.4450315287989675,-0.6440122301501995,-0.17997245404689394,-0.2789173548788374,-0.7316081091173082
6.473949909041343,-0.6520446223666481,-0.20070796398142626,-0.2768697196818947,-0.7024360573809164
6.503920513515691,-0.6603307436952723,-0.22130588129018325,-0.27633328682858216,-0.672098269321422
6.534872825007711,-0.6688947591418481,-0.24162403460163923,-0.27727061987931073,-0.6407817849420931
6.566749441877267,-0.6777670105955972,-0.2615374713268365,-0.27960521828669915,-0.6086540910764463
6.599496437435831,-0.6869794839472456,-0.2809315471309439,-0.28322908174651196,-0.5758689520515838
6.633060820201064,-0.6965633986848312,-0.2997004140481934,-0.28800913400987,-0.5425665856432185
6.667390097824011,-0.706547543525468,-0.31774687183235006,-0.29379343841564715,-0.5088729631586402
6.70242971365281,-0.7169561670868597,-0.3349811449675179,-0.30041660834591366,-0.4749021846863829
6.73812113091876,-0.727807185302836,-0.35132036324342175,-0.30770463912169355,-0.4407588477935877
6.77440037075406,-0.7391106633696648,-0.36668855512704224,-0.31547929044436385,-0.40654039039597517
6.811196760956345,-0.7508675205917623,-0.3810169793956567,-0.3235620749593008,-0.3723394666357619
6.848431662565534,-0.7630684045810786,-0.3942446765912,-0.3317778710122371,-0.3382464171756053
6.886017014129618,-0.775692695456813,-0.40631919552702245,-0.3399581836211014,-0.30435183505307856
6.923853594973687,-0.7887076141871593,-0.417197497572899,-0.34794409943638865,-0.270749184148579
6.961828912409589,-0.8020674071368151,-0.426847054203842,-0.35558899378588393,-0.23753743989194634
6.999814539991651,-0.8157125489239699,-0.43524714482015536,-0.3627610422625385,-0.204823803495687
7.037662555459387,-0.8295688353890636,-0.442390353542967,-0.36934557268102997,-0.17272669751422293
7.075200403094368,-0.8435461068535586,-0.4482842762785622,-0.3752472801317271,-0.1413795077787065
7.112222902058438,-0.8575360959132614,-0.4529535012658685,-0.3803923320606872,-0.11093598911674013
7.148478866987039,-0.8714083888637144,-0.4564420447474771,-0.38473042216740294,-0.0815791717388778
7.1836467950265055,-0.8850022929119806,-0.45881667669879456,-0.38823689980287457,-0.05353780318294611
7.217285519835115,-0.898109022022397,-0.4601721826115944,-0.3909152136067181,-0.027120626669299534
7.245191937891513,-0.9090429463528312,-0.4606268346382722,-0.39261896531453483,-0.005509843570142177
7.273072061413001,-0.9200073637329093,-0.4604827298581905,-0.3938402034042394,0.015800207100503956
7.298509743974897,-0.9300353571813474,-0.45983616912111447,-0.3945274380183336,0.034994777758031496
7.328441888575819,-0.9418500229895591,-0.4584544680997541,-0.3948064992361207,0.05727109785721218
7.3617567088892075,-0.9549987560357801,-0.4561390043479017,-0.39443560748791,0.08166239249335475
7.397903888472313,-0.9692369793678898,-0.4527161586962984,-0.39321331913836277,0.10763475197248323
7.436549213090073,-0.9843924046358795,-0.4480293630107852,-0.39095709065844364,0.13481721071288033
7.477464495491566,-1.000321495158074,-0.4419360401368372,-0.3874970493767093,0.16291450475098976
7.520478597657914,-1.0168899599903818,-0.43430707629510584,-0.38267476360710573,0.19166794447738755
7.565451528356297,-1.0339625278376414,-0.4250278420458147,-0.376344431779644,0.22083491897042906
7.612258492964135,-1.0513970160103367,-0.4140004017809576,-0.36837560422233206,0.25017697077765455
7.660778394959008,-1.069040727779232,-0.4011468229945533,-0.3586571381607023,0.2794524090200877
7.710884091673902,-1.0867283620312633,-0.38641363360079206,-0.3471023360168491,0.3084117224640169
7.762432973070121,-1.104281180178437,-0.36977751208517556,-0.33365530456855963,0.33679514069415445
7.81525730511484,-1.1215075644307557,-0.3512521708396543,-0.31829848383378717,0.3643323884079966
7.869154801534356,-1.138205455134057,-0.3308959806369708,-0.30106091917011124,0.39074525561797635
7.9238812605001865,-1.154167421477108,-0.3088190782360263,-0.2820260787039457,0.41575401318372274
7.979148456403457,-1.1691890382366483,-0.2851876518744116,-0.2613369742349087,0.43908856759874004
8.03463061559229,-1.1830804423751027,-0.26022251938729724,-0.23919568982891337,0.46050405773629105
8.08998031615339,-1.1956793969625783,-0.23419011463385997,-0.21585526044073178,0.47979835941989535
8.144849859226374,-1.206862746875052,-0.20738694590242923,-0.19160463246372464,0.49682697396146497
8.198910302597445,-1.2165531886729932,-0.180121881248488,-0.16675074015051222,0.5115110134084319
8.251860851562897,-1.224720183887454,-0.15270169590206187,-0.141603041026302,0.5238368946076328
8.303425565202128,-1.2313762746195305,-0.12542353494030742,-0.11646434816371307,0.5338498507698374
8.353338246238444,-1.2365713604949313,-0.09857530831674674,-0.09162926848046776,0.5416450960237141
8.40131666136119,-1.2403873566760495,-0.07244393583712617,-0.06739033797409319,0.5473601133417839
8.447022789865287,-1.2429349385175932,-0.04733305492398705,-0.04405334972013349,0.5511704237247533
8.489993504102914,-1.2443538278654034,-0.023598227058623408,-0.021969253165656424,0.5532908525859443
8.524478517072703,-1.2448050102745656,-0.004503731356090199,-0.004193220107308264,0.5539648524643543
8.55896307335834,-1.2446429434183,0.014597959311467061,0.01359102882117006,0.5537227631375187
8.590437951212959,-1.2439599820237763,0.0320122578145489,0.029800136613443894,0.552702403151785
8.62699214957227,-1.2425275086122805,0.052179844565722666,0.04856038248830263,0.5505613196332994
8.667192880428024,-1.2401626862897812,0.07424585058305841,0.06906346057063108,0.547023890567733
8.710272082033955,-1.2367178907622627,0.09770514336442089,0.09082305651441525,0.5418647176100798
8.75574079104636,-1.2320718773571073,0.12219047953192438,0.11347809578565009,0.5348946088752476
8.803250485375258,-1.2261264794351792,0.14739746182331984,0.13672341126278972,0.5259548425325221
8.852528653598483,-1.218806092529379,0.17305089221674727,0.16027906222756733,0.5149156400350204
8.903342343002246,-1.2100590262123305,0.19888722310964566,0.18387481660358254,0.501677530913829
8.955473806740551,-1.199860345327752,0.2246446907118307,0.20724203172393235,0.4861751329915876
9.00870218430415,-1.188215880962437,0.2500581755934059,0.23011024599193836,0.46838300469260963
9.062789402271086,-1.175166827337598,0.2748580866500757,0.25220785052051853,0.4483228711372364
9.117470915668402,-1.1607938231566708,0.2987735624835152,0.2732670465568689,0.42607075470819034
9.172453222683556,-1.1452188589490713,0.3215403643285134,0.2930332231256827,0.40176163023394396
9.227419796672928,-1.128603233970929,0.34291291629070275,0.3112778860687356,0.37558886975214123
9.282044820178696,-1.1111406166289037,0.3626783165522552,0.32781270656448014,0.34779675918085645
9.336010872851718,-1.0930459828576184,0.38066883770573945,0.3425011893479806,0.31866680726884666
9.389024876722535,-1.074542857334783,0.3967696710584445,0.3552649717334634,0.2885011005722211
9.440827713736107,-1.0558517344260805,0.4109205516255073,0.36608377247252594,0.25760686264299193
9.491196036381972,-1.0371816517967203,0.42311215440727895,0.3749901855607404,0.22628526186243775
9.53993751369084,-1.0187255036767173,0.4333794238938941,0.3820616113430691,0.1948255735328186
9.586881678898346,-1.0006587285784425,0.4417940082376452,0.38741148936742625,0.1635044168996777
9.631867860125253,-0.9831407794326519,0.44845730713256937,0.39118128436332394,0.13258947663990464
9.674730102318906,-0.9663191337213807,0.4534949617879583,0.39353401369730256,0.1023477545209143
9.71527664285515,-0.9503364359961392,0.45705324339565284,0.3946497964715586,0.07305997713301757
9.753256968438103,-0.9353431420394389,0.459297847565156,0.39472409538684666,0.045046340662542095
9.78469057106234,-0.9229439492681709,0.46034391403557956,0.3940840808332055,0.02144950772643835
9.811609281827282,-0.9123487638319544,0.46064601953140666,0.39303867858679403,0.0009521339121854079
9.838527992592224,-0.9017878058699343,0.46039281882141514,0.39154245721860453,-0.019807788697649334
9.864784967571854,-0.8915309234406189,0.45960414352142775,0.3896574659200394,-0.04030652046456114
9.89456993005901,-0.8799629296180247,0.45805371416272944,0.3870233260716995,-0.0638534372186426
9.926768067789302,-0.8675550087484611,0.45558332643044164,0.3836021450068108,-0.08965552676593012
9.960718501782884,-0.8546015247960453,0.45207219382519165,0.37937690052468787,-0.11724928594524894
9.995973319046561,-0.8413133447658396,0.4474273678742933,0.3743552385037203,-0.14632194448329716
10.032199741359912,-0.8278547488279283,0.4415788519174948,0.3685702021505562,-0.17663991226446524
10.069135131758431,-0.8143595895918131,0.43447658550708934,0.3620798626228357,-0.2080165094101562
10.106563484493366,-0.8009391005228919,0.4260883248743041,0.3549665088483256,-0.24029536146189232
10.144302121342408,-0.7876858444372167,0.4163979451141693,0.3473355139534904,-0.27334100289825153
10.182193816419916,-0.774675731535402,0.4054039008023005,0.3393138726353821,-0.30703312442437497
10.220102027636193,-0.761969062577282,0.39311769862437,0.33104839722466606,-0.341262741735801
10.257907942309446,-0.7496111329014253,0.3795623248301135,0.3227035922301661,-0.3759293296857156
10.295508509049688,-0.7376327272186834,0.36477065505003703,0.31445926518828127,-0.4109383037567423
10.332814860051762,-0.7260507159310073,0.3487839568213363,0.3065079507010526,-0.44619839134925166
10.369750669225613,-0.7148688818927494,0.3316506685903792,0.2990522029560695,-0.48161852993072096
10.406250097337518,-0.7040790480122293,0.3134256956415851,0.292301736146097,-0.5171040064372802
10.44225506408958,-0.6936625404874653,0.29417049895700187,0.2864702578060377,-0.5525516379663881
10.477711654447459,-0.6835920153289352,0.27395427085899104,0.2817716541432451,-0.5878438991538291
10.51256551044319,-0.6738336993366688,0.2528564951512425,0.2784149636566709,-0.6228420459804354
10.546756093344053,-0.6643501460603353,0.23097117258291047,0.27659734147948273,-0.6573785077881659
10.580209790100398,-0.6551036599486431,0.20841290465782455,0.2764940250388124,-0.6912492090106201
10.612832162143064,-0.6460605362408226,0.18532471148839186,0.2782442986657741,-0.7242072228870798
10.644503983001668,-0.6371950976029165,0.16188396667637242,0.28193348301359006,-0.7559639454955205
10.675072956199537,-0.6284959701890271,0.13831157605942057,0.28757141691780247,-0.7861911970043679
10.704356087337143,-0.6199703883824265,0.11487262423913622,0.2950713868446391,-0.814540390793832
10.732153184074205,-0.6116456270551887,0.0918654743426372,0.3042378568864245,-0.8406777959480639
10.758269610889231,-0.6035666146706148,0.0695989721931504,0.3147714872518541,-0.8643291641257471
10.782534383142757,-0.5957924180279262,0.048369490089005686,0.32629100139021183,-0.8853140414309034
10.804794558059509,-0.5883974995962341,0.028457313540980606,0.338357065705107,-0.9035499474418353
10.822354515727007,-0.5823647808893135,0.012470622411098854,0.34889136512184454,-0.9171362061971482
10.837004924128795,-0.5771847675309069,-0.0010450870231235743,0.35836034069477535,-0.9278633504496577
10.851655332530584,-0.571861559746172,-0.01471355959642918,0.3684373981734339,-0.9379818704837919
10.866448853047928,-0.5663320947300204,-0.028661086740210957,0.3792138769949102,-0.9475275822036665
10.882889360970388,-0.5599945379670156,-0.04432035405448498,0.3918712689214548,-0.9572773843965525
10.900398503824267,-0.5530097591867453,-0.06116462851893589,0.40609575567014294,-0.9665852189852592
10.918613060154689,-0.5454724150268967,-0.07884919716044927,0.4216428271448007,-0.974996972059624
10.937301632529397,-0.5374378943006164,-0.09713999157215386,0.4383003112268402,-0.9821817677866986
10.956312510166368,-0.5289393450242261,-0.11586902384438368,0.4558657548003338,-0.9878906700052882
10.975546739434106,-0.519996080435031,-0.134912090167534,0.47413778844414634,-0.9919348369373319
10.99494225028417,-0.5106182886489029,-0.1541759122115096,0.49291284443786126,-0.994172354960768
11.014463529650227,-0.5008099819717493,-0.1735898005530797,0.5119839780608616,-0.9944996465296448
11.034094443042479,-0.49057103399641977,-0.19309977201666498,0.5311405401792145,-0.9928457088724432
11.05383329685026,-0.47989856851513646,-0.2126644293949024,0.5501685140995394,-0.9891682654750963
11.073688535933877,-0.46878842806677207,-0.23225116294106696,0.5688504791421402,-0.9834514601896848
11.093675793583433,-0.45723628266284383,-0.2518335113046697,0.5869663655149568,-0.9757047322286174
11.113815577677974,-0.44523866810651874,-0.27138906446251443,0.6042946727352851,-0.9659624983499593
11.134131437528012,-0.4327939785956953,-0.29089782719990886,0.620614290366107,-0.954284338767842
11.154648604047576,-0.4199033504608355,-0.3103410854716108,0.6357070892706072,-0.940755293669491
11.175393099459507,-0.40657136424598034,-0.3297007940676145,0.6493612973064455,-0.9254858290277289
11.196391323306086,-0.3928064859736936,-0.3489594845988276,0.6613755018900999,-0.9086110394049187
11.21767008505351,-0.37862120161040336,-0.3681006306807524,0.6715629296454538,-0.8902887697568895
11.23925697545877,-0.36403187241127444,-0.38710931822586864,0.6797555162956308,-0.8706965690576687
11.26118087752281,-0.34905843167000433,-0.4059729901641719,0.6858072802719097,-0.8500276827549038
11.283472355429025,-0.33372411661521106,-0.42468200886377544,0.6895966860150291,-0.8284865397618464
11.30616365858437,-0.318055446767151,-0.44322982672250694,0.6910279780364985,-0.8062842842314115
11.329288141086584,-0.3020826097106898,-0.4616126608826758,0.6900317680328504,-0.7836348005552951
11.352881071993258,-0.2858388911028501,-0.4798302673606671,0.6865649351428696,-0.7607494376925975
11.376977255916449,-0.2693623004521341,-0.4978842119284546,0.680610255626829,-0.7378349947932383
11.40160482288495,-0.2526996830537637,-0.5157736862293569,0.6721782425492304,-0.7150951239016817
11.426785728740828,-0.2359059377509909,-0.5334967556379612,0.6613083167762361,-0.6927247094706214
11.452533828641608,-0.21904458141811015,-0.5510498004401359,0.6480698034388658,-0.6709062635224617
11.478853975363846,-0.20218726444647986,-0.5684277154439571,0.6325618942499164,-0.649805307842611
11.505742518106244,-0.1854120812548166,-0.5856248956946675,0.6149116699356613,-0.6295650795922925
11.53318918689401,-0.16880089081837907,-0.602636768784875,0.5952697116747389,-0.6103014174902104
11.56117982385114,-0.1524362456734085,-0.6194613816066963,0.5738036475729423,-0.5920989590761148
11.589699100509915,-0.13639866615204493,-0.6361005022454251,0.5506907547846891,-0.5750095426028652
11.618732440290797,-0.12076479704532248,-0.6525598981479919,0.5261110173941391,-0.5590530590053825
11.648266762258887,-0.10560658796246337,-0.6688487680886225,0.5002417178242995,-0.5442203194545089
11.678290099570969,-0.09099128935683161,-0.6849785509102443,0.4732540036509691,-0.5304771354794586
11.708790407432764,-0.0769818968232824,-0.7009614179160354,0.44531130250887413,-0.517768821144955
11.739753924932286,-0.06363769411430538,-0.7168087091188102,0.4165691517450431,-0.5060245676015077
11.771163376153076,-0.051014650206762296,-0.7325294761265174,0.38717594997265037,-0.49516142052156853
11.802996186638778,-0.039165537402441004,-0.7481292082017172,0.35727421240646823,-0.4850878005918066
11.83522281399673,-0.02813971734492092,-0.7636087695216082,0.3270020149660783,-0.4757066211071848
11.86780529400737,-0.0179825792822309,-0.7789635773984518,0.2964943608838073,-0.46691808804688967
11.900696316598221,-0.00873459656564144,-0.7941831515022553,0.2658840602501392,-0.45862221711496526
11.933840301925907,-0.0004297839798669892,-0.8092516742816405,0.23530071867626975,-0.45072083138115765
11.967186551637731,0.006908058685104686,-0.8241539349762037,0.20485879748174585,-0.443116913604739
12.000865984314725,0.013295195817438593,-0.8389520666403891,0.1745001768623069,-0.4356785863823672
12.034352057975441,0.018639105205625367,-0.8534195083834623,0.1447468695217143,-0.4284242426850014
12.067505268666283,0.022955948058542945,-0.8675049144445068,0.11575013335649464,-0.42129355832534754
12.100165917604327,0.02627642570180525,-0.8811496766720517,0.08766347831589184,-0.4142441894530941
12.132098981868737,0.028643774263576973,-0.8942666421963483,0.060687843885155794,-0.4072656376129848
12.162966463248226,0.03012074124335043,-0.9067321540063781,0.03508910132035917,-0.40038821380939343
12.19225389423899,0.03079823504729546,-0.9183610337707601,0.011250233276880739,-0.3937039674748545
12.214197521877734,0.0308519065714536,-0.9269442536359079,-0.00631574130599288,-0.3885747366478273
12.236120853457667,0.030523428423430414,-0.9354058758701512,-0.02360681483076582,-0.38333336600749146
12.261583626080673,0.029670108086431928,-0.9450874382488471,-0.04335819753768629,-0.3770850778122338
12.290468831484413,0.02809931391216967,-0.9558745729663771,-0.06532414353608222,-0.36977008243931603
12.3219501521785,0.02567305821814265,-0.9673861152631646,-0.08871947927760108,-0.3615020863898025
12.35537426491657,0.022301362231566275,-0.9793173552272815,-0.1129224013007698,-0.35236466005786643
12.390022841240773,0.017964256414769893,-0.9913563071595218,-0.13730452121432585,-0.34248170291400243
12.425015388344635,0.012739650240570968,-1.0031595785420848,-0.16118149191751246,-0.33205957867176955
12.459319234099487,0.006819668365890361,-1.0143689412727577,-0.1838441717979855,-0.3214006428593955
12.48832738842265,0.0012159211911876716,-1.0235571893168571,-0.20242218056279848,-0.3120402388639593
12.517287418499635,-0.004908228314800748,-1.0324547144612641,-0.2204244207451332,-0.30237578726522135
12.5445987484991,-0.011154360410667825,-1.0405851845395129,-0.23689529420826716,-0.2929686056646639
12.575964008604815,-0.018873368107738802,-1.049600287244733,-0.25519530655434536,-0.281815723198279
12.610427063748705,-0.02800371529689773,-1.059095282287635,-0.2745320584362361,-0.26913496210306287
12.647396077368517,-0.03852239409199169,-1.0687860170977777,-0.2943631909020387,-0.25504438083722836
12.68649181390205,-0.05042381843870829,-1.0784571814324022,-0.3142914288943823,-0.23960801818573532
12.727453574101542,-0.06370553355977909,-1.0879309916621325,-0.33400078638094843,-0.22286538185111637
12.77009335686881,-0.07836183375731887,-1.0970518364250887,-0.3532249642554134,-0.20484599274530546
12.81427061711884,-0.0943804237323659,-1.1056779302069986,-0.3717298347354593,-0.18557765990647102
12.859876967074428,-0.1117403382606114,-1.113676506680489,-0.38930298820248843,-0.16509179761429627
12.90682569845327,-0.13041021089610688,-1.1209209675313394,-0.4057471024838409,-0.14342742584425233
12.95504249773758,-0.15034596215632778,-1.1272891648112577,-0.42087535367347034,-0.12063520997489892
13.004452468451143,-0.17148601952185424,-1.1326623969980179,-0.4345076409299359,-0.09678377199487803
13.0549518274739,-0.1937387627680655,-1.1369251284418322,-0.44646640046249453,-0.0719740735265585
13.106328035967916,-0.216944995366761,-1.1399667399289233,-0.4565702864512496,-0.04638025907861125
13.15800512840448,-0.24075645049048702,-1.1416925965704166,-0.4646243647020374,-0.02037943466319642
13.202096492457033,-0.26136258228787207,-1.1420996444660774,-0.4698196948603685,0.0019282825169970597
13.246187856509586,-0.2821637350848188,-1.141521940455593,-0.47347074743335454,0.02427779896169375
13.290892871807168,-0.3033837075355849,-1.1399304747060903,-0.4755984011985245,0.04690994510265382
13.33998388485672,-0.3267517768036611,-1.1370198358852528,-0.4761154035125529,0.07164286693852401
13.39167978258823,-0.35133517834176414,-1.132647876203412,-0.47461354696414443,0.09744835556913856
13.445155575128004,-0.3766253097722736,-1.1267311450689623,-0.4708708883526748,0.12376340446620374
13.499995594197689,-0.402290500998959,-1.1192158030291284,-0.46474862778884773,0.15021806788262834
13.555953040035687,-0.4280671488113186,-1.1100705781464286,-0.4561543614055721,0.17651663617074362
13.612851888357405,-0.4537166224479279,-1.0992863793787349,-0.4450305977931077,0.2023910714405083
13.67054043331809,-0.47900674175267866,-1.0868787194060774,-0.43135319294757235,0.2275815913203394
13.728865534911403,-0.5037039903104111,-1.072891540207149,-0.41513442953095275,0.2518292673194222
13.787656161072391,-0.5275715388776173,-1.05740166392199,-0.39642852594866096,0.2748752446650112
13.846712479418803,-0.5503715137214266,-1.0405229849117175,-0.3753380211989109,0.2964647944544455
13.905800013791,-0.5718710775564275,-1.022409194119782,-0.3520192915991667,0.316355545646887
13.96464959200013,-0.5918518963184065,-1.0032536210971756,-0.3266851524160494,0.33432914970161826
14.02296352088804,-0.6101218799202246,-0.9832850400521469,-0.2996026792637285,0.350204844893303
14.080427019483237,-0.6265272106752765,-0.9627591788312625,-0.27108540861044605,0.36385251401245833
14.136722291964105,-0.6409622576313087,-0.9419469318316082,-0.24148073110436627,0.37520256874738367
14.191541785972698,-0.6533754352510659,-0.9211213020944258,-0.21115481908782235,0.38425071620403883
14.244597549823743,-0.6637702252244855,-0.9005454119343407,-0.18047813648751926,0.39105707991605865
14.2956246165539,-0.6722018483687261,-0.8804635604169623,-0.1498144067080611,0.3957405824885242
14.344377123692972,-0.6787709629634293,-0.8610966769510695,-0.11951535803963223,0.3984704561423762
14.390615748513719,-0.6836161614022984,-0.8426430861931193,-0.08992329260130348,0.3994571723142805
14.434083145364857,-0.6869071023446901,-0.8252857726868345,-0.061384409100384674,0.39894525772005895
14.47445797049269,-0.6888402038319849,-0.8092093489281933,-0.03427980461552273,0.3972110334533897
14.50673787468729,-0.6895915226229364,-0.7964218202443956,-0.012212773943376432,0.39494973068820477
14.532902385134815,-0.6896742725197159,-0.78611848130808,0.005924315563486698,0.3925464762533184
14.559066895582339,-0.6892795991978774,-0.7758846918828779,0.02428040208313602,0.3896336616802995
14.588539046551457,-0.6882561879476095,-0.764457077953165,0.04521391255638805,0.3857448942827354
14.621317569972566,-0.6863883208386747,-0.7518939721175167,0.06880966954033209,0.38066882123830004
14.656332355128034,-0.6835324647713716,-0.7386724116512553,0.0943747272287826,0.37438208608412815
14.692922235833104,-0.679584584417431,-0.7251082883730855,0.12148291531104609,0.36687336987172153
14.730627606579397,-0.6744708095022859,-0.7114364989570807,0.14983746410848311,0.35815309535486256
14.769103821949669,-0.6681419059076288,-0.6978433496812572,0.17921529501405653,0.34825575224339916
14.808079012287388,-0.6605694800367868,-0.684481523820201,0.20944087743720724,0.3372398504114627
14.84733061670682,-0.6517431858540609,-0.671477806455964,0.2403721338755078,0.3251871158013883
14.886670946143619,-0.6416686183533507,-0.6589374060750116,0.2718918062919538,0.3122014517276224
14.925937541224226,-0.6303657532858703,-0.6469465428832883,0.303901401535801,0.2984078386836984
14.964986250335064,-0.6178678792632708,-0.6355741123979196,0.3363162919436829,0.2839512055009289
15.003685930379303,-0.6042210097048816,-0.624872846158771,0.3690612043320683,0.2689952220673436
15.041914195138649,-0.5894837639457563,-0.6148801960915253,0.40206569253446595,0.2537208814060666
15.079554004900048,-0.5737276510179908,-0.6056190568443248,0.4352594783356175,0.23832462761265724
15.116491240182276,-0.5570375467225194,-0.5970983717132855,0.46856788108860514,0.22301564214581016
15.152613755370876,-0.5395119105165358,-0.5893136374841346,0.5019079780848875,0.20801176964537066
15.18781265123647,-0.5212620001276469,-0.5822473460018109,0.53518655743365,0.19353357263071544
15.221986381567698,-0.5024091954703233,-0.5758694864418943,0.5683010689620451,0.17979634413673534
15.255047559533155,-0.4830798278870326,-0.5701383525147448,0.6011442656775307,0.16700069341539434
15.286931066243106,-0.46339777151156364,-0.5650019544037816,0.6336119453180742,0.1553233270441909
15.317601022807489,-0.4434761615989987,-0.5604002101791279,0.6656117198419804,0.14491023243108386
15.347054285668934,-0.42341021334532863,-0.5562677864154207,0.6970701106842948,0.1358740257115639
15.375319499968027,-0.4032727179920237,-0.5525371505103023,0.727936042534017,0.12829586604174575
15.402452457364433,-0.38311269235693396,-0.5491412983363193,0.7581803892231195,0.12223091850772907
15.428529464836325,-0.36295664352431967,-0.546015770807003,0.7877924905751172,0.1177156542557389
15.453640357645922,-0.34281149252217374,-0.5430998348348826,0.8167749323218166,0.11477539785544139
15.47788214709876,-0.3226683228662316,-0.5403369213423356,0.8451375795702576,0.11343104235596928
15.501353640470441,-0.302506456454832,-0.5376745219118996,0.8728913753481057,0.11370433042005308
15.524160674806113,-0.282288922040998,-0.5350626441164119,0.9000536676080065,0.11562256260012252
15.546439655971957,-0.2619401575084971,-0.5324498383966736,0.9266746720785464,0.11922956375676862
15.568266942165053,-0.24142887947440106,-0.5297924281713227,0.9527260177414857,0.1245761576535346
15.589702699270836,-0.22073357292283943,-0.5270490010783249,0.9781498745726285,0.13171428115632566
15.610789658470809,-0.19984620542358209,-0.5241804249535126,1.00285590184826,0.14068988145661207
15.63154981429894,-0.1787781277613308,-0.5211506683109467,1.026717385546325,0.15153234874916488
15.65198027771982,-0.1575671469215595,-0.5179284915271336,1.0495691648818108,0.1642399852034917
15.672048145196783,-0.1362858906855803,-0.5144902676034464,1.071208702239898,0.17876117381355547
15.69168498026392,-0.1150507052006837,-0.5108240620808729,1.0914026684824445,0.1949720301148182
15.71078320967491,-0.09402822794139751,-0.5069345973230327,1.1099026506095546,0.2126543258197897
15.729198456665888,-0.07343445578562638,-0.5028478126336903,1.1264729519196681,0.23148203607330164
15.746760160668787,-0.05352268660822951,-0.4986132116062919,1.140927580847093,0.2510260654930905
15.763284601075924,-0.03456647115059347,-0.4943037345271374,1.1531633937636934,0.27077629050224916
15.778573480523066,-0.016857697080804104,-0.49001701256467206,1.1631722330893581,0.29015846214672253
15.79038648887466,-0.003076170080778975,-0.4864974584633461,1.1699657721682033,0.30581395275195516
15.802199497226253,0.010780482254349298,-0.48278969871067423,1.1758828513056307,0.32201480042373254
15.81291620844718,0.023407253874498997,-0.47925804775659775,1.1804511010498902,0.3371420910374738
15.825129092372256,0.03785089251093598,-0.47503304267713364,1.1846841516468698,0.3548246269963195
15.838347711577043,0.053534427025206055,-0.47021372146685203,1.188046175791434,0.37441852310142404
15.8522844194551,0.07010835981842001,-0.4648491779320565,1.1901625096017825,0.3954854901600649
15.866762706861882,0.08734617440034877,-0.45896281821487817,1.1907564171962082,0.4176854057406142
15.881669770863331,0.1050905912499319,-0.4525647694613077,1.1896170793379304,0.4407228369289062
15.896933637811705,0.1232280062689866,-0.4456574097627841,1.1865832967663958,0.46432404438225483
15.912510247099531,0.1416741812388535,-0.43823829140955545,1.1815341874236625,0.4882255715845389
15.9283753159111,0.16036523514062673,-0.4303019569068016,1.1743837371012038,0.5121679864133853
15.944518815349516,0.1792514915949888,-0.4218412606280234,1.1650778283421637,0.5358923318538851
15.960940954496579,0.19829297482286704,-0.4128485097048795,1.1535930456385077,0.5591382383605283
15.9776491063989,0.21745597005463446,-0.4033165721786708,1.139936793910494,0.5816433639667026
15.99465536185754,0.23671035254860695,-0.3932400157733039,1.124148315698155,0.6031441304820795
16.0119745596453,0.2560275688115811,-0.38261626943616994,1.1063001288266698,0.6233778600490031
16.029622752211793,0.27537926229618415,-0.3714467360241509,1.0864992921923713,0.6420864034554712
16.047616129143833,0.29473657787337126,-0.359737738411844,1.0648878235421202,0.6590211902947187
16.065970420723463,0.3140701419664289,-0.3475011774476959,1.0416416429542208,0.6739493475011293
16.084700732911102,0.33335060435571046,-0.33475483819405377,1.016967673610436,0.6866602275560159
16.103821646777106,0.35254948962314236,-0.32152239206717775,0.9910991681743043,0.6969715212814349
16.12334731307575,0.3716400221737854,-0.30783325678604456,0.964289776802799,0.7047342347963921
16.143291260165324,0.3905976287276009,-0.2937225223425068,0.936807101622865,0.7098361733876046
16.163665745114677,0.4093999902383967,-0.2792310851125723,0.9089263624352794,0.7122040092288003
16.184480684801958,0.4280267425014118,-0.26440596917642284,0.8809244051814857,0.7118042659843867
16.205743607675284,0.44646011541142017,-0.24929978975548775,0.8530723426851085,0.7086432401000894
16.227464324426823,0.4646893415496566,-0.23396676802845726,0.8256228031850942,0.7027637482462556
16.249641834258707,0.48269997000615467,-0.21847121806289063,0.7988206290977818,0.6942451290864028
16.27227108958046,0.5004804656031373,-0.20288171232098878,0.7728879393168103,0.6831998765849067
16.295344096010957,0.5180232863620503,-0.1872692441633547,0.7480185502667922,0.6697681309666893
16.31885143721024,0.5353259200043841,-0.1717051766505308,0.7243739505319811,0.6541106056159632
16.342783666453453,0.5523914672132831,-0.1562594744232777,0.7020816236242828,0.6364007982592538
16.3671321666257,0.5692285932772357,-0.14099953456366454,0.6812358535015588,0.6168175192363925
16.391889308581984,0.585850885954012,-0.12598969905434823,0.661900576525497,0.5955385690953765
16.417047955451952,0.602275799748178,-0.11129133225123822,0.6441135367205253,0.5727359795365213
16.442600475809662,0.6185233974040535,-0.09696325319189539,0.6278910032902449,0.5485728309216502
16.468537441495215,0.6346150527343131,-0.08306231348672666,0.6132324994554479,0.5232014084843226
16.494846150815142,0.6505722125868852,-0.0696439556992627,0.600125222027563,0.4967623577005589
16.52150909076477,0.6664152705164379,-0.05676263091979784,0.5885480163074199,0.46938447927608556
16.548502414634207,0.6821625666356532,-0.044472002357374606,0.5784749116975593,0.4411848501459137
16.575794012836518,0.6978292382018113,-0.03282509344395426,0.5698784445883988,0.4122695240157129
16.603336580973128,0.7134233243902579,-0.021876045209295637,0.5627338017875212,0.3827396515942713
16.63102079042358,0.7289198481821211,-0.011694730251444007,0.5570283783279325,0.3527412991938571
16.658346084967643,0.7440798484693872,-0.0024639568871347942,0.5527943265421279,0.32282891419871956
16.67820375059105,0.7550337866228283,0.0037291573278294132,0.5505698738640261,0.3008922671792058
16.69709150231626,0.7654180660413914,0.009213940895982651,0.5491159745900532,0.2798548019536225
16.71756989549758,0.7766531475661846,0.014709565926160108,0.5482744930238498,0.2568290452352256
16.738403191631328,0.7880735247662574,0.019813839540880486,0.5482208213877686,0.23313210907672816
16.75892193501367,0.7993288001212251,0.024355255132560944,0.5489916076709543,0.20946899626851834
16.778789650164104,0.8102502386815669,0.028286267476090966,0.5505645460515746,0.18618144195267833
16.797824571899653,0.8207510467089023,0.0316145417459612,0.5528965243682494,0.16344320817772376
16.81592587902363,0.8307854486888078,0.03437382660383177,0.5559383530294962,0.14134184819073806
16.833037714901316,0.8403290287880665,0.036609971000171035,0.5596399288160575,0.1199195239338093
16.849125555269975,0.8493659417987643,0.038373395145403354,0.5639496701956386,0.099201530361779
16.864154581245515,0.8578769827363407,0.039715021410369956,0.5688079667163018,0.07922573448834222
16.878065572847515,0.8658257051794148,0.04068477513523651,0.5741322442060618,0.06008089111345183
16.88938808662182,0.8723540783094383,0.04127416311950436,0.5791435749984328,0.04393562203649258
16.899395563481608,0.8781744295424455,0.041640360382288494,0.5841541392605364,0.02916381905283476
16.908040920930517,0.8832451631973206,0.04183572978672809,0.5889814902925384,0.01595842039168343
16.915263076079466,0.8875146496738462,0.04191004610654626,0.5934128965847753,0.004562398981132943
16.921160348366715,0.891025579431123,0.04190882087751449,0.5973303899839822,-0.005022373654449366
16.92674961652419,0.8943752285688336,0.041854760971333164,0.601316181124093,-0.014366251558732888
16.933121101525437,0.8982219043457879,0.04172840007126285,0.6062162115082981,-0.02536313025995939
16.9397872089274,0.9022813273683744,0.041519763341411,0.6117941747324089,-0.03731421627425779
16.946484164353183,0.9063986882248578,0.04122822171073608,0.6179201828882313,-0.04984708842670254
16.95306357451424,0.9104856021908776,0.04085814322345639,0.6245158680443063,-0.06275467765681768
16.959439682354105,0.9144895940990355,0.04041641650160969,0.631529041351635,-0.07591818092509417
16.965563637275462,0.9183793363934424,0.03991099610414617,0.6389224929317278,-0.08927057921907872
16.971409343827826,0.9221365788789823,0.039350061403597036,0.6466682180973081,-0.10277700796757942
16.976965113983177,0.9257514075490659,0.03874154436973104,0.6547441174123805,-0.1164233525212929
16.982228521639517,0.9292193301485653,0.038092877702996464,0.6631319757250832,-0.13020929930227734
16.987203128530474,0.9325394246683455,0.037410874079788936,0.6718161571151696,-0.1441439575106697
16.991896348631528,0.9357131320918918,0.03670168296458676,0.6807827228232515,-0.15824302974106402
16.996318027223342,0.938743452160908,0.03597079272961698,0.6900188086591595,-0.17252694721588024
17.000479480764405,0.9416343981763866,0.03522305847133461,0.6995121663557425,-0.18701962301738437
17.004392840733036,0.9443906221552426,0.03446274355455477,0.7092508104252304,-0.20174761067768507
17.008070602124427,0.9470171543870618,0.033693567542167256,0.7192227337648982,-0.21673953461784673
17.011525312169656,0.9495192212189799,0.03291875603178857,0.729415668072944,-0.23202570654445467
17.014769356488877,0.9519021171231047,0.03214108972983583,0.7398168726899514,-0.24763787098964118
17.01781481383239,0.9541711149705304,0.03136295120665981,0.7504129405199901,-0.2636090420864834
17.020673359585313,0.9563314035060014,0.030586368487573273,0.7611896127912152,-0.2799734057455249
17.02335620412507,0.9583880443126402,0.029813055105768472,0.772131596090598,-0.29676626886986385
17.02587405630745,0.9603459429160999,0.029044446490393623,0.7832223768215455,-0.3140240432196614
17.02823710498062,0.9622098301030682,0.02828173277885291,0.7944440284082145,-0.3317842541732285
17.030455013511496,0.9639842507109229,0.02752588820627017,0.8057770075421702,-0.3500855678142893
17.032536923567804,0.9656735578133017,0.0267776973152797,0.8171999354903624,-0.36896783059346444
17.034491465506463,0.9672819108634757,0.02603777821587184,0.8286893611124153,-0.38847211775815904
17.036326773264832,0.968813276612886,0.02530660318984286,0.8402195012828358,-0.4086407859225659
17.038050502322573,0.9702714320248514,0.024584516880671193,0.8517619549524402,-0.4295175265288978
17.039669849593007,0.9716599685363578,0.02387175233169334,0.8632853863023356,-0.45114741600564506
17.041191574418235,0.9729822971977172,0.023168445112625242,0.8747551722189235,-0.47357695814123335
17.042622020030706,0.9742416543120928,0.02247464577185721,0.8861330087249916,-0.496854112932628
17.04396713501916,0.975441107293622,0.021790330833900032,0.8973764706682785,-0.5210283048955899
17.045232494436792,0.9765835605076262,0.021115412561211647,0.9084385184468229,-0.5461504014789111
17.046423320277032,0.9776717608993997,0.02044974769661971,0.9192669452934223,-0.5722726492597011
17.047544501090155,0.9787083032335465,0.019793145414204145,0.9298037585519595,-0.5994485512133085
17.04860061057674,0.9796956348016177,0.0191453747076009,0.9399844891465163,-0.6277326632402591
17.04959592498993,0.9806360594368856,0.01850617148373142,0.9497374246978143,-0.6571802800935784
17.050534439219565,0.9815317407033942,0.017875245648472364,0.9589827650541489,-0.6878469717498308
17.051419881421157,0.9823847041146913,0.01725228852516189,0.9676317043570347,-0.7197879184883637
17.052255726068136,0.9831968382586751,0.016636980994599603,0.9755854530934719,-0.7530569778767382
17.053045205344997,0.9839698947619245,0.016029002780251385,0.9827342285402165,-0.7877054001690122
17.053791318847736,0.9847054871108311,0.015428043326642162,0.9889562643910064,-0.8237800911625347
17.054496841686568,0.9854050885310625,0.01483381466451405,0.9941169227811392,-0.8613213093889461
17.05516433131164,0.9860700294338015,0.014246066470397455,0.9980680353982366,-0.9003596861557931
17.05579613376097,0.9867014954214206,0.013664603104735681,1.0006476531238844,-0.9409124882992461
17.05639439055873,0.9873005274911046,0.013089301665758536,1.0016804369554986,-0.9829791246051147
17.056961048131065,0.9878680268048968,0.012520128965174866,1.0009789573588275,-1.0265360499365266
17.057497896941353,0.9884047916840634,0.011957127378434459,0.9983459777297532,-1.0715336214420412
17.05800660263322,0.9889115488489151,0.011400401754995338,0.993577489314414,-1.1178930562515068
17.058488673443428,0.9893889233254622,0.01085017373064239,0.986467562989365,-1.1654978105802465
17.05894552572579,0.9898375084448277,0.010306727606870143,0.9768138210374376,-1.2141942031978419
17.05937852179808,0.9902579084558614,0.009770372954452194,0.9644231591529981,-1.2637922115980682
17.059789002858157,0.9906507749151122,0.009241402056785182,0.9491171410063028,-1.3140683853180493
17.06017831072657,0.9910168293403026,0.008720051670089067,0.9307366757036505,-1.3647700971859582
17.060547793792605,0.9913568672154975,0.008206479385091841,0.9091460248688087,-1.4156199249066836
17.06089879656326,0.9916717437115479,0.0077007614100195985,0.8842366595759192,-1.466319071288314
17.061232635991548,0.9919623463098916,0.007202913399872362,0.8559318023290281,-1.516549276037489
17.06155056973294,0.9922295620349839,0.00671293147510086,0.8241925451131322,-1.5659733900616524
17.061853761518524,0.9924742470445017,0.006230847981710524,0.78902622942124,-1.6142354413640407
17.0621432480872,0.9926972050626722,0.005756795065961715,0.750497298709129,-1.6609615518497816
17.06241991197309,0.9928991797688295,0.00529106697541534,0.7087399873543102,-1.7057634960093009
17.06268446567199,0.9930808650761381,0.0048341677286273315,0.6639708368913703,-1.748246975831587
17.062937454437737,0.9932429351219308,0.004386825688305673,0.616497232827815,-1.788026448192642
17.063179284228553,0.9933860908708892,0.003949956298646328,0.5667168047543646,-1.8247468963282742
17.063410274297247,0.9935111121000834,0.0035245673179718348,0.5151034396287318,-1.858109887297485
17.063630720987536,0.9936188965078642,0.003111628486764245,0.46218015915611427,-1.8878977470306557
17.06384094901144,0.9937104694439649,0.002711953511867863,0.4084855230371655,-1.9139885646694608
17.06404132920146,0.9937869607226673,0.0023261430610434283,0.35454388737018283,-1.9363579442778664
17.064232256779515,0.9938495606826355,0.0019546098094105936,0.3008477435589666,-1.9550691192758514
17.064414098575384,0.9938994746559872,0.0015976748447255476,0.2478548130665294,-1.9702570959837677
17.06458712030344,0.9939378910911941,0.0012557140803741817,0.1959984886980529,-1.98211286270146
17.064751396272886,0.993965970694796,0.0009293469290940881,0.14571004464967494,-1.99087180008159
17.064906685090964,0.9939848586948632,0.00061969583459496,0.09745552727579856,-1.9968084978911376
17.065052218050422,0.9939957234699635,0.00032881938384183874,0.05180162775047373,-2.000239937943199
17.065170526936356,0.9939996473791362,9.208598392822606e-05,0.01451602175245855,-2.0014822211119045
17.06521656015796,0.9939999813053185,-5.19382876130824e-08,-8.488752186770407e-06,-2.0015880165432742
